[{"model": "news.author", "pk": 1, "fields": {"authorUser": 1, "ratingAuthor": 1}}, {"model": "news.author", "pk": 2, "fields": {"authorUser": 2, "ratingAuthor": -1}}, {"model": "news.category", "pk": 1, "fields": {"name": "╤яюЁЄ", "subscribers": [27, 28]}}, {"model": "news.category", "pk": 2, "fields": {"name": "└тЄю", "subscribers": [27, 28]}}, {"model": "news.category", "pk": 3, "fields": {"name": "╥хїэюыюушш", "subscribers": [27]}}, {"model": "news.category", "pk": 4, "fields": {"name": "╟фюЁют№х", "subscribers": []}}, {"model": "news.post", "pk": 1, "fields": {"author": 1, "categoryType": "NW", "dateCreation": "2023-08-16T17:50:27.463Z", "title": "╧ЁюёЄю чруюыютюъ", "text": "╧ЁюёЄю ЄхъёЄ фы  яЁютхЁъш", "rating": 1}}, {"model": "news.post", "pk": 3, "fields": {"author": 2, "categoryType": "AR", "dateCreation": "2023-08-16T17:50:29.203Z", "title": "╬сЁхчрэшх Ч ¤Єю сюы№эю?", "text": "┬ю ьэюушї ъєы№ЄєЁрї юсЁхчрэшх Ч ¤Єю эх тюяЁюё т√сюЁр. ╠ры№ўшъют, ъюЄюЁ√х ЁрёЄєЄ т ЄЁрфшЎшюээ√ї хтЁхщёъшї шыш ьєёєы№ьрэёъшї ёхь№ ї, эх ёяЁр°штр■Є. ┬ └ьхЁшъх Єръюх Ёх°хэшх Єюцх ўр∙х тёхую яЁшэшьр■Є ЁюфшЄхыш чрфюыую фю Єюую, ъръ Ёхсхэюъ эрєўшЄё  ўЄю-ышсю яюэшьрЄ№.\r\n\r\n┼ёыш т фхЄёЄтх юсЁхчрэшх эх яЁютюфшыш, хую ьюцэю ёфхырЄ№ тю тчЁюёыюь тючЁрёЄх. ╚ Єюуфр єцх тючэшър■Є ёюьэхэш : эєцэю ыш ¤Єю фхырЄ№, ёЄюшЄ ыш, сєфхЄ ыш сюы№эю ш ъръ ¤Єю яютыш хЄ эр ёхъёєры№эє■ цшчэ№.", "rating": 0}}, {"model": "news.post", "pk": 4, "fields": {"author": 1, "categoryType": "NW", "dateCreation": "2023-08-30T19:57:05.075Z", "title": "├юы ▌эЁшъхёр яЁшэхё \"┴рыЄшъх\" яюсхфє эрф \"╟хэшЄюь\" т ╩єсъх ╨юёёшш", "text": "╩рышэшэуЁрфЎ√ єёях°эю т√ёЄєяр■Є т ╩єсъх ш ъ ьрЄўє ЄЁхЄ№хую ЄєЁр яЁюЄшт \"╟хэшЄр\" яюфю°ыш ё °хёЄ№■ эрсЁрээ√ьш юўърьш. ╤Єюы№ъю цх с√ыю ш є ъюьрэф√ ╤хЁух  ╤хьрър.\r\n\r\n┬ яхЁтюь Єрщьх °ыр єяюЁэр  сюЁ№ср, ъюьрэф√ шьхыш ьюьхэЄ√ фы  Єюую, ўЄюс√ юЄъЁ√Є№ ёўхЄ, эю ¤Єю єфрыюё№ ёфхырЄ№ ЇюЁтрЁфє \"┴рыЄшъш\" └эїхыю ▌эЁшъхёє. ═р 43-щ ьшэєЄх тёЄЁхўш юэ сєътры№эю чрЄюыъры ь ў т ёхЄъє уюёЄхщ.\r\n\r\n┬ю тЄюЁюь Єрщьх ъюьрэф√ юсьхэ ышё№ уюыхт√ьш ьюьхэЄрьш. ═р єфрЁ т яхЁхъырфшэє ─ртшфр └трэхё эр \"╟хэшЄ\" юЄтхЄшы т√ёЄЁхыюь т °Єрэує т шёяюыэхэшш └ыхъёх  ╤єЄюЁьшэр. ╤ўхЄ цх Єръ ш эх шчьхэшыё .", "rating": 0}}, {"model": "news.post", "pk": 5, "fields": {"author": 2, "categoryType": "AR", "dateCreation": "2023-08-30T20:11:02.081Z", "title": "╧Ёш ъръшї юсюЁюЄрї фтшурЄхы  хьє эрэюёшЄё  ьръёшьры№э√щ тЁхф: Ёхчєы№ЄрЄ√ шёёыхфютрэшщ.", "text": "═х ёхъЁхЄ, ўЄю ёЄшы№ тюцфхэш  тю ьэюуюь ёърч√трхЄё  эр ЁхёєЁёх фтшурЄхы  ртЄюьюсшы . ╦■сшЄхыш с√ёЄЁ√ї ёЄрЁЄют ш ўрёЄ√ї яхЁхурчютюъ эх ьюуєЄ ЁрёёўшЄ√трЄ№ эр фюёЄшцхэшх ьръёшьры№эюую ёЁюър ёыєцс√ ёшыютюую руЁхурЄр. ┘рф ∙р  ¤ъёяыєрЄрЎш  яючтюы хЄ ёюїЁрэшЄ№ фтшурЄхы№ фюы№°х, эю ъръшх юсюЁюЄ√ тЁхф Є руЁхурЄє сюы№°х тёхую? ─ртрщЄх ЁрчсшЁрЄ№ё .\r\n═хёыюцэю фюурфрЄ№ё , ўЄю юсюЁюЄ√ фтшурЄхы  т ъЁрёэющ чюэх ш Ё фюь ё эхщ эх сєфєЄ яюыхчэ√ьш фы  фтшурЄхы . ╧ЁшсышцрЄ№ё  ъ юЄёхўъх ёЄюшЄ Єюы№ъю т шёъы■ўшЄхы№э√ї ёыєўр ї, эряЁшьхЁ, ъюуфр эєцэю ёфхырЄ№ юсуюэ. ┬ юёЄры№э√ї ёыєўр ї ЁхъюьхэфєхЄё  яюффхЁцштрЄ№ ∙рф ∙шщ Ёхцшь ¤ъёяыєрЄрЎшш фтшурЄхы  ш эх яЁхт√°рЄ№ юЄьхЄъє, Ёртэє■ яюыютшэх ЄрїюьхЄЁр фю ъЁрёэющ чюэ√. ═ряЁшьхЁ, хёыш юэр эрўшэрхЄё  эр 6000 юс/ьшэ, Єю т уюЁюфх юяЄшьры№эю \"ЁрёъЁєўштрЄ№\" ьюЄюЁ эх сюыхх, ўхь фю 3000 юс/ьшэ.\r\n═шчъшх юсюЁюЄ√ Єюцх ьюуєЄ с√Є№ тЁхфэ√ьш фы  фтшурЄхы . ╧юфюсэр  ёшЄєрЎш  тючэшърхЄ яЁш фтшцхэшш т яюф·╕ь. ╨рсюЄр фтшурЄхы  т эрЄ у яЁштюфшЄ ъ тючэшъэютхэш■ тшсЁрЎшщ ш яют√°хэш■ Ёрёїюфр Єюяыштр. ┬ Єръюь ёыєўрх т√уюфэхх яют√ёшЄ№ яхЁхфрўє, ўЄюс√ юсюЁюЄ√ ьюЄюЁр т√Ёюёыш, чрЄю ьхэ№°х эрцшьрЄ№ эр яхфры№ урчр. ═р ртЄюьюсшы ї ё └╩╧╧ ¤Єю ьюцэю ёфхырЄ№ тЁєўэє■, хёыш ЄЁрэёьшёёш  яю ъръшь-Єю яЁшўшэрь ёрьр эх їюўхЄ яхЁхъы■ўрЄ№ё  т эєцэє■ ёЄюЁюэє...", "rating": 0}}, {"model": "news.post", "pk": 6, "fields": {"author": 1, "categoryType": "NW", "dateCreation": "2023-08-31T19:16:17.206Z", "title": "╠├╧╙ ЁрчЁх°шы єўр∙шьё  шёяюы№чютрЄ№ эхщЁюёхЄ№ фы  эряшёрэш  фшяыюьр", "text": "╠юёъютёъшщ уюЁюфёъющ яхфруюушўхёъшщ єэштхЁёшЄхЄ (╠├╧╙) яхЁт√ь т ╨юёёшш юЇшЎшры№эю ЁрчЁх°шы ётюшь ёЄєфхэЄрь шёяюы№чютрЄ№ Єхїэюыюушш шёъєёёЄтхээюую шэЄхыыхъЄр фы  эряшёрэш  т√яєёъэ√ї ш ъєЁёют√ї ЁрсюЄ.\r\n╚чтхёЄш \r\nл╚ёъєёёЄтхээ√щ шэЄхыыхъЄ Ч юфэр шч яхЁхфют√ї Єхїэюыюушщ, ръЄштэю ЁрёяЁюёЄЁрэ ■∙шїё  т ёютЁхьхээюь юс∙хёЄтх╗, Ч юЄьхЄшы ЁхъЄюЁ єэштхЁёшЄхЄр ╚уюЁ№ ╨хьюЁхэъю.\r\n┼тЁрчш  Daily\r\n┬ ЇхтЁрых ёЄрыю шчтхёЄэю, ўЄю ёЄєфхэЄ ╨юёёшщёъюую уюёєфрЁёЄтхээюую уєьрэшЄрЁэюую єэштхЁёшЄхЄр (╨├├╙) └ыхъёрэфЁ ╞рфрэ эряшёры т√яєёъэє■ ЁрсюЄє ё яюью∙№■ эхщЁюёхЄш ChatGPT.\r\nLenta.ru\r\nл═єцэ√ юс∙шх яЁртшыр шёяюы№чютрэш  ╚╚. ╟ряЁхЄшЄ№ яюы№чютрЄ№ё  Ч ёрь√щ яЁюёЄющ ёяюёюс, эю тЁ ф ыш фхщёЄтхээ√щ╗, Ч ёўшЄрхЄ ╨хьюЁхэъю.", "rating": 0}}, {"model": "news.post", "pk": 9, "fields": {"author": 2, "categoryType": "AR", "dateCreation": "2023-09-13T19:56:39.296Z", "title": "┬ ╠юёътх яЁхфёЄртшыш ъЁюёёютхЁ BAIC X55, эрчтрэ√ Ўхэ√", "text": "╩юьярэш  BAIC т√тюфшЄ эр Ёюёёшщёъшщ Ё√эюъ ёЁхфэхЁрчьхЁэ√щ ъЁюёёютхЁ X55 - ьюфхы№ яЁхфёЄртшыш ёхуюфэ  т ╠юёътх. ┬√яєёъ ртЄюьюсшы  юётюхэ эр ърышэшэуЁрфёъюь чртюфх \"└тЄюЄюЁ\".", "rating": 0}}, {"model": "news.post", "pk": 10, "fields": {"author": 2, "categoryType": "NW", "dateCreation": "2023-09-13T20:10:34.425Z", "title": "└тЄю■ЁшёЄ Ёрёёърчры ю эют√ї яЁртшырї яЁюїюцфхэш  ЄхїюёьюЄЁр ё 1 ьрЁЄр 2024 уюфр", "text": "▌ъёяхЁЄ т юсырёЄш ртЄюьюсшы№эюую яЁртр └ыхъёрэфЁ ┴єфрЁрушэ Ёрёёърчры, ўЄю ё 1 ьрЁЄр 2024 уюфр т ╨╘ фюыцэ√ тёЄєяшЄ№ т ёшыє эют√х яЁртшыр яЁюїюцфхэш  Єхїэшўхёъюую юёьюЄЁр ЄЁрэёяюЁЄэ√ьш ёЁхфёЄтрьш.\r\n╤ЄхЁыхуЁрф\r\n┬ ╨юёёшш ьюуєЄ шчьхэшЄ№ё  яЁртшыр яЁютхфхэш  Єхїэшўхёъюую юёьюЄЁр ртЄюьюсшыхщ ё Ўхы№■ сюЁ№с√ ё эхчръюээ√ьш лёхЁ√ьш╗ ърЁЄрьш, ъюЄюЁ√х т√фр■Єё  схч Ёхры№эющ яЁютхЁъш ёюёЄю эш  ртЄюьюсшы .\r\nRuNews24.ru\r\n╤ЄюшьюёЄ№ ЄхїюёьюЄЁр эх фюыцэр с√Є№ эшцх 913 Ёєсыхщ фы  ыхуъют√ї ртЄюьюсшыхщ.\r\nRuNews24.ru\r\n┬ ёыєўрх юЄёєЄёЄтш  шыш эхфхщёЄтшЄхы№эюёЄш фшруэюёЄшўхёъющ ърЁЄ√ тюфшЄхы■ уЁюч Є ёхЁ№хчэ√х °ЄЁрЇ√: 2000 Ёєсыхщ чр хчфє схч ЄхїюёьюЄЁр ш 5000 Ёєсыхщ ышсю ыш°хэшх яЁрт фю ЄЁхї ьхё Ўхт чр яЁхф· тыхэшх яюффхы№эющ шыш ўєцющ ърЁЄ√.", "rating": 0}}, {"model": "news.post", "pk": 11, "fields": {"author": 2, "categoryType": "NW", "dateCreation": "2023-09-14T20:52:40.032Z", "title": "эютюёЄ№", "text": "эютюёЄ№ фы  Ёрёё√ыъш", "rating": 0}}, {"model": "news.post", "pk": 12, "fields": {"author": 2, "categoryType": "NW", "dateCreation": "2023-09-14T20:57:40.965Z", "title": "эютюёЄ№", "text": "эютюёЄ№ фы  Ёрёё√ыъш", "rating": 0}}, {"model": "news.post", "pk": 13, "fields": {"author": 2, "categoryType": "NW", "dateCreation": "2023-09-14T21:01:14.868Z", "title": "эютюёЄ№", "text": "эютюёЄ№ фы  Ёрёё√ыъш", "rating": 0}}, {"model": "news.post", "pk": 14, "fields": {"author": 2, "categoryType": "NW", "dateCreation": "2023-09-14T21:25:56.919Z", "title": "эютюёЄ№", "text": "эютюёЄ№ фы  Ёрёё√ыъш", "rating": 0}}, {"model": "news.post", "pk": 15, "fields": {"author": 2, "categoryType": "NW", "dateCreation": "2023-09-14T21:27:24.809Z", "title": "эютюёЄ№", "text": "эютюёЄ№ фы  Ёрёё√ыъш", "rating": 0}}, {"model": "news.post", "pk": 16, "fields": {"author": 2, "categoryType": "NW", "dateCreation": "2023-09-14T21:28:06.413Z", "title": "эютюёЄ№", "text": "эютюёЄ№ фы  Ёрёё√ыъш", "rating": 0}}, {"model": "news.post", "pk": 18, "fields": {"author": 2, "categoryType": "NW", "dateCreation": "2023-09-14T21:30:20.633Z", "title": "эютюёЄ№", "text": "эютюёЄ№ фы  Ёрёё√ыъш", "rating": 0}}, {"model": "news.post", "pk": 22, "fields": {"author": 2, "categoryType": "NW", "dateCreation": "2023-09-14T21:45:29.318Z", "title": "эютюёЄ№", "text": "эютюёЄ№ фы  Ёрёё√ыъш", "rating": 0}}, {"model": "news.post", "pk": 23, "fields": {"author": 2, "categoryType": "NW", "dateCreation": "2023-09-14T21:48:36.296Z", "title": "эютюёЄ№", "text": "эютюёЄ№ фы  Ёрёё√ыъш", "rating": 0}}, {"model": "news.post", "pk": 24, "fields": {"author": 2, "categoryType": "NW", "dateCreation": "2023-09-14T21:56:09.529Z", "title": "эютюёЄ№", "text": "эютюёЄ№ фы  Ёрёё√ыъш", "rating": 0}}, {"model": "news.post", "pk": 25, "fields": {"author": 2, "categoryType": "NW", "dateCreation": "2023-09-14T22:06:55.329Z", "title": "эютюёЄ№", "text": "эютюёЄ№ фы  Ёрёё√ыъш", "rating": 0}}, {"model": "news.post", "pk": 26, "fields": {"author": 2, "categoryType": "NW", "dateCreation": "2023-09-14T22:17:01.599Z", "title": "эютюёЄ№", "text": "эютюёЄ№ фы  Ёрёё√ыъш", "rating": 0}}, {"model": "news.post", "pk": 27, "fields": {"author": 2, "categoryType": "NW", "dateCreation": "2023-09-15T20:18:37.178Z", "title": "╥хїэюыюушш", "text": "╥хїэюыюушш╥хїэюыюушш╥хїэюыюушш╥хїэюыюушш╥хїэюыюушш╥хїэюыюушш╥хїэюыюушш", "rating": 0}}, {"model": "news.post", "pk": 28, "fields": {"author": 2, "categoryType": "NW", "dateCreation": "2023-09-15T20:23:07.345Z", "title": "╥хїэюыюушш", "text": "╥хїэюыюушш╥хїэюыюушш╥хїэюыюушш╥хїэюыюушш╥хїэюыюушш╥хїэюыюушш╥хїэюыюушш", "rating": 0}}, {"model": "news.post", "pk": 30, "fields": {"author": 1, "categoryType": "NW", "dateCreation": "2023-09-15T20:32:21.050Z", "title": "╥хїэюыюушш ╥хїэюыюушш", "text": "╥хїэюыюушш╥хїэюыюушш╥хїэюыюушш╥хїэюыюушш╥хїэюыюушш╥хїэюыюушш╥хїэюыюушш╥хїэюыюушш╥хїэюыюушш╥хїэюыюушш", "rating": 0}}, {"model": "news.post", "pk": 31, "fields": {"author": 1, "categoryType": "NW", "dateCreation": "2023-09-15T20:44:32.803Z", "title": "ЄхъёЄ", "text": "ЄхъёЄЄхъёЄЄхъёЄЄхъёЄЄхъёЄЄхъёЄ", "rating": 0}}, {"model": "news.post", "pk": 32, "fields": {"author": 2, "categoryType": "NW", "dateCreation": "2023-09-15T20:48:07.767Z", "title": "texe", "text": "texetexetexetexetexetexetexetexe", "rating": 0}}, {"model": "news.post", "pk": 33, "fields": {"author": 2, "categoryType": "AR", "dateCreation": "2023-09-15T21:02:53.160Z", "title": "texttext", "text": "texttexttexttexttexttexttexttexttexttexttexttexttexttexttexttexttexttexttexttext", "rating": 0}}, {"model": "news.post", "pk": 34, "fields": {"author": 2, "categoryType": "NW", "dateCreation": "2023-09-19T22:14:39.819Z", "title": "╥хїэюыюушш", "text": "╥хїэюыюушш╥хїэюыюушш╥хїэюыюушш╥хїэюыюушш╥хїэюыюушш", "rating": 0}}, {"model": "news.post", "pk": 35, "fields": {"author": 2, "categoryType": "NW", "dateCreation": "2023-09-19T22:16:09.583Z", "title": "╥хїэюыюушш", "text": "╥хїэюыюушш╥хїэюыюушш╥хїэюыюушш╥хїэюыюушш╥хїэюыюушш", "rating": 0}}, {"model": "news.post", "pk": 36, "fields": {"author": 2, "categoryType": "NW", "dateCreation": "2023-09-19T22:20:07.852Z", "title": "╥хїэюыюушш", "text": "╥хїэюыюушш╥хїэюыюушш╥хїэюыюушш╥хїэюыюушш╥хїэюыюушш", "rating": 0}}, {"model": "news.post", "pk": 37, "fields": {"author": 2, "categoryType": "NW", "dateCreation": "2023-09-19T22:21:14.894Z", "title": "╥хїэюыюушш", "text": "╥хїэюыюушш╥хїэюыюушш╥хїэюыюушш╥хїэюыюушш╥хїэюыюушш", "rating": 0}}, {"model": "news.post", "pk": 38, "fields": {"author": 1, "categoryType": "NW", "dateCreation": "2023-09-19T22:25:58.965Z", "title": "╥хїэюыюушш", "text": "╥хїэюыюушш╥хїэюыюушш╥хїэюыюушш╥хїэюыюушш╥хїэюыюушшcfghm,..", "rating": 0}}, {"model": "news.post", "pk": 39, "fields": {"author": 2, "categoryType": "NW", "dateCreation": "2023-09-19T22:42:47.368Z", "title": "└┬╥╬", "text": "└┬╥╬└┬╥╬└┬╥╬└┬╥╬", "rating": 0}}, {"model": "news.post", "pk": 40, "fields": {"author": 2, "categoryType": "NW", "dateCreation": "2023-09-21T16:23:33.473Z", "title": "Text", "text": "TextTextTextText", "rating": 0}}, {"model": "news.post", "pk": 41, "fields": {"author": 2, "categoryType": "NW", "dateCreation": "2023-09-21T16:24:10.457Z", "title": "Text", "text": "TextTextTextText", "rating": 0}}, {"model": "news.post", "pk": 42, "fields": {"author": 2, "categoryType": "NW", "dateCreation": "2023-09-21T16:37:12.880Z", "title": "Text", "text": "TextTextTextText", "rating": 0}}, {"model": "news.post", "pk": 43, "fields": {"author": 1, "categoryType": "NW", "dateCreation": "2023-09-21T16:55:49.422Z", "title": "texttext", "text": "texttexttexttexttexttexttexttext", "rating": 0}}, {"model": "news.post", "pk": 44, "fields": {"author": 1, "categoryType": "NW", "dateCreation": "2023-09-21T17:00:40.280Z", "title": "texttext text", "text": "texttexttexttexttexttexttexttext text", "rating": 0}}, {"model": "news.post", "pk": 45, "fields": {"author": 1, "categoryType": "NW", "dateCreation": "2023-09-21T17:05:54.085Z", "title": "texttext texttexttext text", "text": "texttexttexttexttexttexttexttext texttexttext text", "rating": 0}}, {"model": "news.post", "pk": 46, "fields": {"author": 1, "categoryType": "NW", "dateCreation": "2023-09-21T17:21:57.951Z", "title": "texttext texttexttext text", "text": "texttexttexttexttexttexttexttext texttexttext text", "rating": 0}}, {"model": "news.post", "pk": 47, "fields": {"author": 1, "categoryType": "NW", "dateCreation": "2023-09-21T17:23:35.013Z", "title": "texttext texttexttext text", "text": "texttexttexttexttexttexttexttext texttexttext text", "rating": 0}}, {"model": "news.post", "pk": 48, "fields": {"author": 1, "categoryType": "NW", "dateCreation": "2023-09-21T17:29:19.016Z", "title": "qeertghgngh", "text": "qeertghgnghqeertghgngh", "rating": 0}}, {"model": "news.post", "pk": 49, "fields": {"author": 1, "categoryType": "NW", "dateCreation": "2023-09-27T20:21:26.260Z", "title": "Celery", "text": "Celery", "rating": 0}}, {"model": "news.post", "pk": 50, "fields": {"author": 1, "categoryType": "NW", "dateCreation": "2023-09-28T16:53:40.824Z", "title": "text celery", "text": "text celerytext celerytext celery", "rating": 0}}, {"model": "news.post", "pk": 51, "fields": {"author": 1, "categoryType": "NW", "dateCreation": "2023-09-28T16:59:29.980Z", "title": "text celery", "text": "text celerytext celerytext celery", "rating": 0}}, {"model": "news.post", "pk": 52, "fields": {"author": 1, "categoryType": "NW", "dateCreation": "2023-09-28T17:00:58.989Z", "title": "text celery", "text": "text celerytext celerytext celery", "rating": 0}}, {"model": "news.post", "pk": 53, "fields": {"author": 1, "categoryType": "NW", "dateCreation": "2023-09-28T17:16:44.546Z", "title": "text celery", "text": "text celerytext celerytext celery", "rating": 0}}, {"model": "news.post", "pk": 54, "fields": {"author": 1, "categoryType": "NW", "dateCreation": "2023-09-28T17:28:36.154Z", "title": "text celerytext celery", "text": "text celerytext celerytext celerytext celerytext celerytext celery", "rating": 0}}, {"model": "news.post", "pk": 55, "fields": {"author": 1, "categoryType": "NW", "dateCreation": "2023-10-03T20:25:08.135Z", "title": "ъ¤°", "text": "ъ¤°ъ¤°", "rating": 0}}, {"model": "news.postcategory", "pk": 1, "fields": {"postThrough": 1, "categoryThrough": 1}}, {"model": "news.postcategory", "pk": 2, "fields": {"postThrough": 1, "categoryThrough": 3}}, {"model": "news.postcategory", "pk": 6, "fields": {"postThrough": 3, "categoryThrough": 4}}, {"model": "news.postcategory", "pk": 7, "fields": {"postThrough": 4, "categoryThrough": 1}}, {"model": "news.postcategory", "pk": 8, "fields": {"postThrough": 5, "categoryThrough": 2}}, {"model": "news.postcategory", "pk": 9, "fields": {"postThrough": 6, "categoryThrough": 3}}, {"model": "news.postcategory", "pk": 12, "fields": {"postThrough": 9, "categoryThrough": 2}}, {"model": "news.postcategory", "pk": 13, "fields": {"postThrough": 10, "categoryThrough": 2}}, {"model": "news.postcategory", "pk": 14, "fields": {"postThrough": 28, "categoryThrough": 3}}, {"model": "news.postcategory", "pk": 15, "fields": {"postThrough": 30, "categoryThrough": 3}}, {"model": "news.postcategory", "pk": 16, "fields": {"postThrough": 31, "categoryThrough": 1}}, {"model": "news.postcategory", "pk": 17, "fields": {"postThrough": 32, "categoryThrough": 2}}, {"model": "news.postcategory", "pk": 18, "fields": {"postThrough": 33, "categoryThrough": 2}}, {"model": "news.postcategory", "pk": 19, "fields": {"postThrough": 37, "categoryThrough": 3}}, {"model": "news.postcategory", "pk": 20, "fields": {"postThrough": 38, "categoryThrough": 3}}, {"model": "news.postcategory", "pk": 21, "fields": {"postThrough": 39, "categoryThrough": 2}}, {"model": "news.postcategory", "pk": 22, "fields": {"postThrough": 42, "categoryThrough": 2}}, {"model": "news.postcategory", "pk": 23, "fields": {"postThrough": 43, "categoryThrough": 2}}, {"model": "news.postcategory", "pk": 24, "fields": {"postThrough": 47, "categoryThrough": 2}}, {"model": "news.postcategory", "pk": 25, "fields": {"postThrough": 48, "categoryThrough": 2}}, {"model": "news.postcategory", "pk": 26, "fields": {"postThrough": 49, "categoryThrough": 3}}, {"model": "news.postcategory", "pk": 27, "fields": {"postThrough": 53, "categoryThrough": 3}}, {"model": "news.postcategory", "pk": 28, "fields": {"postThrough": 54, "categoryThrough": 3}}, {"model": "news.postcategory", "pk": 29, "fields": {"postThrough": 55, "categoryThrough": 4}}, {"model": "news.comment", "pk": 1, "fields": {"commentPost": 1, "commentUser": 1, "text": "OK", "dateCreation": "2023-08-16T17:51:54.757Z", "rating": -2}}, {"model": "news.comment", "pk": 3, "fields": {"commentPost": 3, "commentUser": 2, "text": "text", "dateCreation": "2023-08-16T17:51:57.374Z", "rating": -1}}]
